Datetime,Water Level (m)
2025-02-24 18:00:00,0.29259825
2025-02-24 19:00:00,0.090951115
2025-02-24 20:00:00,-0.13805263
2025-02-24 21:00:00,-0.36736044
2025-02-24 22:00:00,-0.58656454
2025-02-24 23:00:00,-0.78146106
2025-02-25 00:00:00,-0.906472
2025-02-25 01:00:00,-0.79094905
2025-02-25 02:00:00,-0.5631744
2025-02-25 03:00:00,-0.29559729
2025-02-25 04:00:00,-0.030152056
2025-02-25 05:00:00,0.12309988
2025-02-25 06:00:00,0.05010467
2025-02-25 07:00:00,-0.15141894
2025-02-25 08:00:00,-0.36492416
2025-02-25 09:00:00,-0.5875092
2025-02-25 10:00:00,-0.80021113
2025-02-25 11:00:00,-0.973163
2025-02-25 12:00:00,-1.0038705
2025-02-25 13:00:00,-0.78925735
2025-02-25 14:00:00,-0.52625734
2025-02-25 15:00:00,-0.17843021
2025-02-25 16:00:00,0.18619432
2025-02-25 17:00:00,0.46676576
2025-02-25 18:00:00,0.53369665
2025-02-25 19:00:00,0.34683177
2025-02-25 20:00:00,0.11145111
2025-02-25 21:00:00,-0.16216433
2025-02-25 22:00:00,-0.4293916
2025-02-25 23:00:00,-0.68326515
2025-02-26 00:00:00,-0.89917415
2025-02-26 01:00:00,-1.0020982
2025-02-26 02:00:00,-0.77129644
2025-02-26 03:00:00,-0.5031838
2025-02-26 04:00:00,-0.1728737
2025-02-26 05:00:00,0.12541181
2025-02-26 06:00:00,0.2857356
2025-02-26 07:00:00,0.14182733
2025-02-26 08:00:00,-0.0826428
2025-02-26 09:00:00,-0.32734454
2025-02-26 10:00:00,-0.5788769
2025-02-26 11:00:00,-0.8190591
2025-02-26 12:00:00,-1.0145453
2025-02-26 13:00:00,-1.0484276
2025-02-26 14:00:00,-0.77291864
2025-02-26 15:00:00,-0.45615476
2025-02-26 16:00:00,-0.03964436
2025-02-26 17:00:00,0.36892214
2025-02-26 18:00:00,0.6296695
2025-02-26 19:00:00,0.6292303
2025-02-26 20:00:00,0.38346344
2025-02-26 21:00:00,0.112146825
2025-02-26 22:00:00,-0.18342306
2025-02-26 23:00:00,-0.47073227
2025-02-27 00:00:00,-0.7391636
2025-02-27 01:00:00,-0.95464754
2025-02-27 02:00:00,-0.96622115
2025-02-27 03:00:00,-0.6655023
2025-02-27 04:00:00,-0.3336123
2025-02-27 05:00:00,0.055571377
2025-02-27 06:00:00,0.38568607
2025-02-27 07:00:00,0.45973873
2025-02-27 08:00:00,0.25595295
2025-02-27 09:00:00,0.005750873
2025-02-27 10:00:00,-0.26771224
2025-02-27 11:00:00,-0.54116356
2025-02-27 12:00:00,-0.7986232
2025-02-27 13:00:00,-1.0024742
2025-02-27 14:00:00,-0.9788092
2025-02-27 15:00:00,-0.66477364
2025-02-27 16:00:00,-0.29005867
2025-02-27 17:00:00,0.14981668
2025-02-27 18:00:00,0.5892526
2025-02-27 19:00:00,0.7787316
2025-02-27 20:00:00,0.6501788
2025-02-27 21:00:00,0.38150215
2025-02-27 22:00:00,0.076403104
2025-02-27 23:00:00,-0.23568572
2025-02-28 00:00:00,-0.5301575
2025-02-28 01:00:00,-0.8029815
2025-02-28 02:00:00,-0.99291897
2025-02-28 03:00:00,-0.85078514
2025-02-28 04:00:00,-0.53672254
2025-02-28 05:00:00,-0.13652216
2025-02-28 06:00:00,0.30196542
2025-02-28 07:00:00,0.59339136
2025-02-28 08:00:00,0.5836907
2025-02-28 09:00:00,0.32882404
2025-02-28 10:00:00,0.054939568
2025-02-28 11:00:00,-0.2427647
2025-02-28 12:00:00,-0.5291612
2025-02-28 13:00:00,-0.7971167
2025-02-28 14:00:00,-0.98594415
2025-02-28 15:00:00,-0.84644085
2025-02-28 16:00:00,-0.52338386
2025-02-28 17:00:00,-0.09497919
2025-02-28 18:00:00,0.38965318
2025-02-28 19:00:00,0.7543514
2025-02-28 20:00:00,0.8550756
2025-02-28 21:00:00,0.6095799
2025-02-28 22:00:00,0.3284967
2025-02-28 23:00:00,-0.00087150285
2025-03-01 00:00:00,-0.31617188
2025-03-01 01:00:00,-0.61538917
2025-03-01 02:00:00,-0.87883854
2025-03-01 03:00:00,-1.0191686
2025-03-01 04:00:00,-0.7187829
2025-03-01 05:00:00,-0.36929023
2025-03-01 06:00:00,0.08427446
2025-03-01 07:00:00,0.532036
2025-03-01 08:00:00,0.7569737
2025-03-01 09:00:00,0.61311924
2025-03-01 10:00:00,0.34574124
2025-03-01 11:00:00,0.039921813
2025-03-01 12:00:00,-0.2693117
2025-03-01 13:00:00,-0.5649246
2025-03-01 14:00:00,-0.82835054
2025-03-01 15:00:00,-0.98175025
2025-03-01 16:00:00,-0.6989782
2025-03-01 17:00:00,-0.34995088
2025-03-01 18:00:00,0.09775116
2025-03-01 19:00:00,0.59708047
2025-03-01 20:00:00,0.882966
2025-03-01 21:00:00,0.83039576
2025-03-01 22:00:00,0.5425194
2025-03-01 23:00:00,0.23638637
2025-03-02 00:00:00,-0.09750534
2025-03-02 01:00:00,-0.4112233
2025-03-02 02:00:00,-0.7024126
2025-03-02 03:00:00,-0.93719447
2025-03-02 04:00:00,-0.89028716
2025-03-02 05:00:00,-0.54272485
2025-03-02 06:00:00,-0.13243876
2025-03-02 07:00:00,0.35208157
2025-03-02 08:00:00,0.72764206
2025-03-02 09:00:00,0.8290443
2025-03-02 10:00:00,0.5816437
2025-03-02 11:00:00,0.30981672
2025-03-02 12:00:00,-0.012421446
2025-03-02 13:00:00,-0.3176593
2025-03-02 14:00:00,-0.60580224
2025-03-02 15:00:00,-0.84916043
2025-03-02 16:00:00,-0.8710454
2025-03-02 17:00:00,-0.5255108
2025-03-02 18:00:00,-0.134598
